City_ID,City,Lat,Lng,Max Temp,Humidity,Cloudiness,Wind Speed,Country,Date
0,Hobart,-42.8794,147.3294,56.26,63,90,3.0,AU,2021-12-03 17:28:25
1,Ayutla,20.1167,-104.3333,79.21,30,85,2.62,MX,2021-12-03 17:30:17
2,Bambous Virieux,-20.3428,57.7575,79.05,83,40,4.61,MU,2021-12-03 17:30:17
3,Albany,42.6001,-73.9662,38.08,56,39,5.01,US,2021-12-03 17:30:17
4,New Norfolk,-42.7826,147.0587,55.92,60,56,3.0,AU,2021-12-03 17:29:51
5,Tuktoyaktuk,69.4541,-133.0374,-20.2,76,75,12.66,CA,2021-12-03 17:30:18
6,Khatanga,71.9667,102.5,-19.8,99,100,13.56,RU,2021-12-03 17:29:41
7,Roald,62.5833,6.1333,30.09,64,75,11.5,NO,2021-12-03 17:30:18
8,Kenai,60.5544,-151.2583,5.14,84,1,3.44,US,2021-12-03 17:30:06
9,Port Lincoln,-34.7333,135.8667,54.57,77,31,10.76,AU,2021-12-03 17:30:19
10,Lixourion,38.2019,20.4314,62.46,94,90,14.97,GR,2021-12-03 17:30:19
11,Barentu,15.1139,37.5928,77.7,29,0,9.08,ER,2021-12-03 17:30:19
12,Mahebourg,-20.4081,57.7,79.09,83,40,4.61,MU,2021-12-03 17:25:21
13,Atherton,53.5237,-2.4935,46.29,87,100,2.98,GB,2021-12-03 17:28:55
14,Vao,-22.6667,167.4833,76.14,75,99,11.86,NC,2021-12-03 17:30:20
15,Daru,-9.0763,143.2092,80.87,84,100,6.82,PG,2021-12-03 17:30:20
16,Naron,43.5167,-8.1528,57.04,93,83,12.84,ES,2021-12-03 17:30:20
17,Port Alfred,-33.5906,26.891,63.9,74,63,8.86,ZA,2021-12-03 17:30:20
18,Pokrovsk,48.282,37.1758,46.38,82,72,18.23,UA,2021-12-03 17:30:21
19,Castro,-24.7911,-50.0119,76.98,51,67,5.61,BR,2021-12-03 17:30:21
20,Port Elizabeth,-33.918,25.5701,64.69,77,40,4.61,ZA,2021-12-03 17:25:31
21,Aklavik,68.2191,-135.0107,-22.97,75,20,3.44,CA,2021-12-03 17:30:21
22,Moose Factory,51.2585,-80.6094,5.0,66,1,12.66,CA,2021-12-03 17:30:22
23,Fortuna,40.5982,-124.1573,45.52,100,40,6.91,US,2021-12-03 17:30:22
24,Butaritari,3.0707,172.7902,82.29,69,49,14.16,KI,2021-12-03 17:30:22
25,Wau,7.7029,27.9953,86.0,27,75,2.77,SS,2021-12-03 17:30:23
26,Vrangel,42.7297,133.0839,22.5,56,31,8.79,RU,2021-12-03 17:30:23
27,Mabai,23.0128,104.4508,46.51,90,57,1.81,CN,2021-12-03 17:30:23
28,Jamestown,42.097,-79.2353,36.99,81,90,3.0,US,2021-12-03 17:30:23
29,Kodiak,57.79,-152.4072,6.31,85,1,6.91,US,2021-12-03 17:28:24
30,Morondava,-20.2833,44.2833,81.25,81,37,10.07,MG,2021-12-03 17:30:24
31,Atuona,-9.8,-139.0333,78.08,75,16,20.38,PF,2021-12-03 17:27:10
32,West Wendover,40.7391,-114.0733,33.01,75,1,0.0,US,2021-12-03 17:30:24
33,Lagoa,39.05,-27.9833,63.7,79,2,11.18,PT,2021-12-03 17:30:24
34,Sistranda,63.7256,8.834,22.96,68,2,22.28,NO,2021-12-03 17:30:25
35,Kavaratti,10.5669,72.642,81.73,73,25,2.59,IN,2021-12-03 17:30:25
36,Rikitea,-23.1203,-134.9692,76.35,75,5,16.93,PF,2021-12-03 17:30:25
37,Visnes,59.3556,5.2242,33.22,93,90,18.41,NO,2021-12-03 17:30:26
38,Roanoke,37.271,-79.9414,68.18,43,1,5.01,US,2021-12-03 17:26:30
39,Yumen,40.2833,97.2,25.74,39,0,15.1,CN,2021-12-03 17:30:26
40,Norman Wells,65.282,-126.8329,-30.96,68,20,2.3,CA,2021-12-03 17:30:26
41,Puerto Ayora,-0.7393,-90.3518,76.96,80,83,10.22,EC,2021-12-03 17:30:27
42,Carutapera,-1.195,-46.02,84.15,71,84,4.92,BR,2021-12-03 17:30:27
43,Tautira,-17.7333,-149.15,80.62,71,45,19.33,PF,2021-12-03 17:30:27
44,Iqaluit,63.7506,-68.5145,10.13,72,20,5.99,CA,2021-12-03 17:29:48
45,Grindavik,63.8424,-22.4338,30.67,93,40,13.8,IS,2021-12-03 17:31:28
46,Hermanus,-34.4187,19.2345,66.9,71,33,14.85,ZA,2021-12-03 17:31:28
47,Shaoyang,27.2315,111.4525,50.05,49,86,2.28,CN,2021-12-03 17:31:28
48,Chamba,32.5667,76.1333,56.5,58,17,6.62,IN,2021-12-03 17:31:29
49,Touros,-5.1989,-35.4608,90.5,68,99,14.07,BR,2021-12-03 17:31:29
50,Torbay,47.6666,-52.7314,53.28,97,90,34.52,CA,2021-12-03 17:31:29
51,Port Hardy,50.6996,-127.4199,39.2,100,75,3.44,CA,2021-12-03 17:30:33
52,Ushuaia,-54.8,-68.3,58.66,38,40,6.91,AR,2021-12-03 17:31:30
53,Vanino,49.0869,140.2543,1.89,88,81,7.02,RU,2021-12-03 17:31:30
54,Mar Del Plata,-38.0023,-57.5575,65.08,92,90,1.01,AR,2021-12-03 17:31:31
55,Dikson,73.5069,80.5464,-21.98,95,97,14.18,RU,2021-12-03 17:31:31
56,Panzhihua,26.5851,101.7128,56.53,81,97,0.6,CN,2021-12-03 17:31:31
57,Maragogi,-9.0122,-35.2225,86.43,59,33,14.03,BR,2021-12-03 17:29:35
58,Port-Gentil,-0.7193,8.7815,78.76,83,40,5.75,GA,2021-12-03 17:31:32
59,Orocue,4.7912,-71.3354,90.39,46,87,10.27,CO,2021-12-03 17:31:32
60,Zhigansk,66.7697,123.3711,-41.24,98,80,9.13,RU,2021-12-03 17:31:32
61,Malayal,7.208,121.942,77.88,86,100,6.55,PH,2021-12-03 17:31:33
62,Mataura,-46.1927,168.8643,58.48,100,88,2.51,NZ,2021-12-03 17:31:33
63,Saint-Pierre,-21.3393,55.4781,78.48,78,0,10.36,RE,2021-12-03 17:27:42
64,Busselton,-33.65,115.3333,55.04,68,0,13.31,AU,2021-12-03 17:31:34
65,Chokurdakh,70.6333,147.9167,-18.8,93,100,16.26,RU,2021-12-03 17:31:34
66,Nikolskoye,59.7035,30.7861,22.01,95,100,8.16,RU,2021-12-03 17:27:04
67,Vaini,-21.2,-175.2,73.56,100,40,5.75,TO,2021-12-03 17:31:34
68,Longyearbyen,78.2186,15.6401,33.64,75,40,21.85,SJ,2021-12-03 17:31:35
69,Avera,33.194,-82.5271,75.25,31,4,6.02,US,2021-12-03 17:31:35
70,Saint-Augustin,51.226,-58.6502,38.59,100,100,2.98,CA,2021-12-03 17:31:35
71,Shimoda,34.6667,138.95,47.1,69,0,20.71,JP,2021-12-03 17:31:36
72,Constitucion,-35.3333,-72.4167,63.73,57,9,13.11,CL,2021-12-03 17:31:36
73,Mnogovershinnyy,53.9353,139.9242,-2.63,95,96,6.87,RU,2021-12-03 17:31:37
74,Olafsvik,64.8945,-23.7142,36.32,68,100,7.02,IS,2021-12-03 17:31:37
75,Westport,41.1415,-73.3579,47.8,49,1,3.0,US,2021-12-03 17:28:40
76,Bien Hoa,10.95,106.8167,73.38,78,64,4.54,VN,2021-12-03 17:31:38
77,Mount Isa,-20.7333,139.5,85.77,26,100,5.75,AU,2021-12-03 17:31:16
78,Omboue,-1.5746,9.2618,76.53,93,100,6.04,GA,2021-12-03 17:31:38
79,Namatanai,-3.6667,152.4333,80.64,81,89,5.79,PG,2021-12-03 17:31:38
80,Hamilton,39.1834,-84.5333,57.51,52,1,3.0,US,2021-12-03 17:30:33
81,Codrington,-38.2667,141.9667,53.83,74,96,9.73,AU,2021-12-03 17:31:39
82,Srednekolymsk,67.45,153.6833,-14.89,98,100,15.35,RU,2021-12-03 17:31:39
83,Saskylakh,71.9167,114.0833,-28.16,97,97,7.36,RU,2021-12-03 17:31:39
84,Provideniya,64.3833,-173.3,29.66,98,100,6.49,RU,2021-12-03 17:31:40
85,Barrow,71.2906,-156.7887,-18.38,69,20,23.02,US,2021-12-03 17:31:40
86,Saint Pete Beach,27.7253,-82.7412,75.67,63,1,1.01,US,2021-12-03 17:31:40
87,Laredo,27.5064,-99.5075,82.4,69,1,4.61,US,2021-12-03 17:31:41
88,Arraial Do Cabo,-22.9661,-42.0278,80.56,65,20,16.11,BR,2021-12-03 17:31:41
89,Cabo San Lucas,22.8909,-109.9124,84.51,62,1,4.61,MX,2021-12-03 17:29:57
90,Beringovskiy,63.05,179.3167,26.71,82,70,12.75,RU,2021-12-03 17:32:42
91,Bethel,41.3712,-73.414,45.73,51,1,5.01,US,2021-12-03 17:30:00
92,Kununurra,-15.7667,128.7333,82.38,83,84,8.05,AU,2021-12-03 17:32:42
93,Mackenzie,55.2999,-123.1698,17.82,86,90,9.22,CA,2021-12-03 17:29:44
94,Cape Town,-33.9258,18.4232,67.12,59,20,5.01,ZA,2021-12-03 17:31:14
95,Bredasdorp,-34.5322,20.0403,63.28,67,79,9.51,ZA,2021-12-03 17:32:42
96,Mwanza,-2.5167,32.9,74.37,71,94,6.4,TZ,2021-12-03 17:32:43
97,Ios,36.7333,25.2833,65.37,56,100,17.0,GR,2021-12-03 17:32:43
98,Georgetown,5.4112,100.3354,79.9,85,20,5.99,MY,2021-12-03 17:31:59
99,Sambava,-14.2667,50.1667,77.31,84,1,8.68,MG,2021-12-03 17:32:43
100,Valdivia,-39.8142,-73.2459,66.29,37,1,5.23,CL,2021-12-03 17:32:44
101,Cherskiy,68.75,161.3,-9.42,97,100,16.13,RU,2021-12-03 17:32:44
102,Upernavik,72.7868,-56.1549,15.57,83,95,7.54,GL,2021-12-03 17:32:44
103,Ambilobe,-13.2,49.05,79.79,64,25,7.65,MG,2021-12-03 17:32:45
104,Youhao,47.8667,128.8333,-9.35,98,49,2.98,CN,2021-12-03 17:32:45
105,Hasaki,35.7333,140.8333,37.8,58,0,5.03,JP,2021-12-03 17:32:45
106,Cidreira,-30.1811,-50.2056,71.01,69,49,17.52,BR,2021-12-03 17:32:46
107,Koster,-25.863,26.8976,70.88,53,68,7.63,ZA,2021-12-03 17:32:46
108,Kuantan,3.8077,103.326,75.31,88,20,4.61,MY,2021-12-03 17:32:46
109,Svatove,49.4103,38.1503,47.89,82,72,17.87,UA,2021-12-03 17:32:47
110,Chuy,-33.6971,-53.4616,69.03,67,89,11.77,UY,2021-12-03 17:32:47
111,Meybod,32.2501,54.0166,48.22,54,0,6.13,IR,2021-12-03 17:32:47
112,Biak,-0.9131,122.8766,76.75,82,91,0.92,ID,2021-12-03 17:32:48
113,Brae,60.3964,-1.353,42.71,75,63,13.06,GB,2021-12-03 17:32:48
114,De Pere,44.4489,-88.0604,37.11,91,90,1.01,US,2021-12-03 17:30:58
115,Mutuipe,-13.2286,-39.5047,79.12,86,100,3.78,BR,2021-12-03 17:32:48
116,Taoudenni,22.6783,-3.9836,72.12,12,57,10.51,ML,2021-12-03 17:32:49
117,Punta Arenas,-53.15,-70.9167,59.02,41,75,36.82,CL,2021-12-03 17:30:38
118,Vila Velha,-20.3297,-40.2925,76.95,87,75,5.99,BR,2021-12-03 17:28:27
119,Yellowknife,62.456,-114.3525,-3.59,88,90,11.5,CA,2021-12-03 17:32:49
120,Hithadhoo,-0.6,73.0833,81.32,79,30,9.55,MV,2021-12-03 17:32:49
121,Geraldton,-28.7667,114.6,64.81,82,0,9.22,AU,2021-12-03 17:27:50
122,Kabinda,-6.1333,24.4833,69.73,90,72,3.38,CD,2021-12-03 17:32:50
123,San Quintin,30.4833,-115.95,65.08,67,0,7.99,MX,2021-12-03 17:32:50
124,Avarua,-21.2078,-159.775,77.05,78,20,11.5,CK,2021-12-03 17:32:51
125,Bengkulu,-3.8004,102.2655,77.27,89,100,4.61,ID,2021-12-03 17:29:55
126,Alofi,-19.0595,-169.9187,71.49,100,85,3.44,NU,2021-12-03 17:29:55
127,Kapaa,22.0752,-159.319,73.38,86,75,3.0,US,2021-12-03 17:30:14
128,Chicama,-7.8447,-79.1469,64.94,59,92,9.37,PE,2021-12-03 17:32:51
129,Qaanaaq,77.484,-69.3632,11.82,96,100,3.11,GL,2021-12-03 17:32:51
130,Honningsvag,70.9821,25.9704,24.55,80,40,6.91,NO,2021-12-03 17:32:52
131,Lebu,-37.6167,-73.65,58.08,63,0,17.65,CL,2021-12-03 17:31:12
132,Clyde River,70.4692,-68.5914,10.63,92,97,9.22,CA,2021-12-03 17:32:52
133,Sabinopolis,-18.6661,-43.0839,75.97,79,72,5.77,BR,2021-12-03 17:32:52
134,Svetlyy,54.675,20.1347,30.25,79,97,10.78,RU,2021-12-03 17:32:53
135,Pevek,69.7008,170.3133,-0.2,92,100,22.64,RU,2021-12-03 17:33:53
136,Kuusamo,65.9667,29.1833,15.84,86,40,6.91,FI,2021-12-03 17:33:53
137,Quesnel,52.9999,-122.5029,19.9,86,40,8.05,CA,2021-12-03 17:33:54
138,Saint-Junien,45.8833,0.9,43.74,97,100,9.06,FR,2021-12-03 17:33:54
139,Kloulklubed,7.0419,134.2556,77.5,73,100,19.19,PW,2021-12-03 17:33:54
140,Pangai,-19.8,-174.35,75.31,88,75,2.3,TO,2021-12-03 17:33:55
141,Krasnyy Yar,46.5331,48.3456,40.93,89,99,11.39,RU,2021-12-03 17:33:55
142,Katsuura,35.1333,140.3,46.51,63,0,8.61,JP,2021-12-03 17:33:52
143,Ribeira Grande,38.5167,-28.7,66.6,77,75,13.8,PT,2021-12-03 17:33:55
144,Talnakh,69.4865,88.3972,-25.8,99,100,10.42,RU,2021-12-03 17:33:56
145,Evensk,61.95,159.2333,-15.2,75,71,9.24,RU,2021-12-03 17:33:56
146,Fernley,39.608,-119.2518,58.86,35,44,1.23,US,2021-12-03 17:33:56
147,Missoula,47.0166,-113.8009,32.16,78,85,3.69,US,2021-12-03 17:33:56
148,Amontada,-3.3617,-39.8317,93.6,42,79,13.13,BR,2021-12-03 17:33:57
149,Rexburg,43.826,-111.7897,49.26,76,40,4.61,US,2021-12-03 17:33:57
150,Victoria,22.2855,114.1577,66.18,36,13,1.01,HK,2021-12-03 17:32:57
151,Okhotsk,59.3833,143.3,-13.32,87,88,14.97,RU,2021-12-03 17:33:58
152,Rio Grande,-32.035,-52.0986,78.91,63,64,16.69,BR,2021-12-03 17:30:51
153,Pangnirtung,66.1451,-65.7125,17.6,79,75,5.75,CA,2021-12-03 17:33:58
154,Aksarka,66.5606,67.7975,-8.99,90,100,12.55,RU,2021-12-03 17:33:58
155,Bagdarin,54.4333,113.6,-0.04,96,33,3.69,RU,2021-12-03 17:33:59
156,Kitimat,54.0524,-128.6534,35.91,31,100,1.01,CA,2021-12-03 17:30:25
157,Sosnovka,56.255,51.2842,34.45,93,98,8.99,RU,2021-12-03 17:33:59
158,Matane,48.8286,-67.522,25.83,69,100,23.2,CA,2021-12-03 17:34:00
159,Saint-Philippe,-21.3585,55.7679,78.39,87,28,10.0,RE,2021-12-03 17:34:00
160,Bay City,43.5945,-83.8889,37.4,72,90,0.0,US,2021-12-03 17:34:00
161,Bandarbeyla,9.4942,50.8122,78.4,62,2,20.65,SO,2021-12-03 17:34:00
162,Broome,42.2506,-75.833,38.46,70,90,5.01,US,2021-12-03 17:32:39
163,Banda Aceh,5.5577,95.3222,77.27,88,100,11.65,ID,2021-12-03 17:34:01
164,Severo-Kurilsk,50.6789,156.125,39.25,86,80,17.85,RU,2021-12-03 17:34:01
165,Saint Anthony,45.0205,-93.218,42.12,90,90,1.01,US,2021-12-03 17:34:02
166,Narsaq,60.9167,-46.05,17.82,65,28,10.71,GL,2021-12-03 17:34:02
167,Hilo,19.7297,-155.09,74.62,72,7,4.16,US,2021-12-03 17:34:03
168,East London,-33.0153,27.9116,67.14,72,20,9.22,ZA,2021-12-03 17:31:01
169,Broken Hill,-31.95,141.4333,65.91,37,100,16.11,AU,2021-12-03 17:34:03
170,Petropavlovsk-Kamchatskiy,53.0452,158.6483,34.39,75,75,8.95,RU,2021-12-03 17:34:04
171,Porto Velho,-8.7619,-63.9039,77.05,88,75,6.91,BR,2021-12-03 17:34:04
172,Tshela,-4.9833,12.9333,74.82,98,99,1.77,CD,2021-12-03 17:34:04
173,Vanimo,-2.6741,141.3028,78.22,87,76,2.82,PG,2021-12-03 17:34:04
174,Pastos Bons,-6.6017,-44.0767,88.63,49,76,5.7,BR,2021-12-03 17:34:05
175,Saint George,37.1041,-113.5841,62.35,42,1,0.0,US,2021-12-03 17:31:02
176,Nanortalik,60.1432,-45.2371,25.07,49,37,8.03,GL,2021-12-03 17:34:05
177,Saldanha,-33.0117,17.9442,66.25,77,26,24.14,ZA,2021-12-03 17:34:06
178,Dnestrovsc,46.6222,29.9133,46.35,77,100,16.82,MD,2021-12-03 17:34:06
179,Puerto Leguizamo,-0.1934,-74.7819,82.47,80,100,5.48,CO,2021-12-03 17:34:06
180,Kaitangata,-46.2817,169.8464,56.84,99,61,2.35,NZ,2021-12-03 17:34:07
181,Santo Augusto,-27.8508,-53.7772,85.46,31,0,3.22,BR,2021-12-03 17:34:07
182,Balikpapan,-1.2675,116.8289,77.68,89,90,3.91,ID,2021-12-03 17:34:07
183,Paragominas,-2.9667,-47.4833,86.27,66,78,1.19,BR,2021-12-03 17:34:08
184,Fairbanks,64.8378,-147.7164,-20.4,72,1,0.0,US,2021-12-03 17:35:08
185,Guarapari,-20.6667,-40.4975,76.89,84,75,6.06,BR,2021-12-03 17:35:08
186,Kutum,14.2,24.6667,71.28,22,0,7.54,SD,2021-12-03 17:35:08
187,Nelson Bay,-32.7167,152.15,70.09,96,64,4.41,AU,2021-12-03 17:35:09
188,Bowen,-20.0167,148.2333,75.42,88,3,8.08,AU,2021-12-03 17:35:09
189,Luderitz,-26.6481,15.1594,63.28,81,71,5.39,NA,2021-12-03 17:35:10
190,Arrifes,37.7667,-25.7,62.24,94,75,6.91,PT,2021-12-03 17:35:10
191,Husavik,66.0449,-17.3389,19.31,80,100,12.97,IS,2021-12-03 17:35:10
192,Currais Novos,-6.2608,-36.5178,95.4,27,96,18.72,BR,2021-12-03 17:35:11
193,Teacapan,22.55,-105.75,83.19,55,5,4.38,MX,2021-12-03 17:35:11
194,Berlevag,70.8578,29.0864,24.75,68,75,3.44,NO,2021-12-03 17:35:11
195,Bilibino,68.0546,166.4372,-17.3,98,100,11.59,RU,2021-12-03 17:35:12
196,Bardiyah,31.7561,25.0865,64.22,43,100,11.52,LY,2021-12-03 17:35:03
197,Pangkalanbuun,-2.6833,111.6167,74.68,97,97,3.27,ID,2021-12-03 17:35:12
198,Ayan,56.45,138.1667,-4.61,83,34,16.31,RU,2021-12-03 17:35:12
199,Tiksi,71.6872,128.8694,-33.0,99,61,5.5,RU,2021-12-03 17:35:13
200,Acapulco,16.8634,-99.8901,84.02,58,75,0.0,MX,2021-12-03 17:34:46
201,Bhagalpur,25.25,87.0,69.89,57,100,3.02,IN,2021-12-03 17:35:13
202,Bluff,-46.6,168.3333,58.8,96,83,6.82,NZ,2021-12-03 17:35:14
203,Ukiah,39.1502,-123.2078,68.04,80,1,0.0,US,2021-12-03 17:35:14
204,Gamba,-2.65,10.0,77.0,87,100,4.56,GA,2021-12-03 17:35:14
205,Monte Patria,-30.6919,-70.9467,83.25,25,0,10.87,CL,2021-12-03 17:30:55
206,Tukrah,32.5341,20.5791,64.58,42,100,15.01,LY,2021-12-03 17:35:15
207,Green River,41.5286,-109.4662,55.15,46,79,4.54,US,2021-12-03 17:35:15
208,Airai,-8.9266,125.4092,62.67,87,100,2.01,TL,2021-12-03 17:34:01
209,Faanui,-16.4833,-151.75,81.25,70,97,20.89,PF,2021-12-03 17:35:15
210,Mujiayingzi,42.1167,118.7833,26.51,59,3,5.53,CN,2021-12-03 17:35:16
211,Clinton,42.587,-82.9199,37.72,79,90,1.01,US,2021-12-03 17:35:16
212,Padang,-0.9492,100.3543,78.85,79,100,3.65,ID,2021-12-03 17:32:22
213,Kapit,2.0167,112.9333,74.5,99,100,2.35,MY,2021-12-03 17:35:16
214,Margate,51.3813,1.3862,47.88,89,100,1.99,GB,2021-12-03 17:35:11
215,Olinda,-8.0089,-34.8553,85.73,70,40,10.36,BR,2021-12-03 17:34:26
216,Faya,18.3851,42.4509,60.91,29,3,4.09,SA,2021-12-03 17:35:17
217,Kaspiyskiy,45.3929,47.3707,45.39,83,100,14.92,RU,2021-12-03 17:35:17
218,Lorengau,-2.0226,147.2712,82.0,79,19,7.87,PG,2021-12-03 17:35:17
219,Lavrentiya,65.5833,-171.0,11.68,94,100,16.93,RU,2021-12-03 17:35:18
220,Esperance,-33.8667,121.9,55.24,80,1,12.48,AU,2021-12-03 17:35:18
221,Souillac,-20.5167,57.5167,79.18,83,40,4.61,MU,2021-12-03 17:35:18
222,Luganville,-15.5333,167.1667,79.02,82,100,8.12,VU,2021-12-03 17:35:19
223,Apatou,5.155,-54.3472,82.04,81,94,4.56,GF,2021-12-03 17:35:19
224,Tamuin,21.9833,-98.75,80.69,56,12,3.76,MX,2021-12-03 17:35:19
225,Hofn,64.2539,-15.2082,23.02,58,0,8.05,IS,2021-12-03 17:35:19
226,Sikasso,10.9167,-7.0,87.71,15,65,3.11,ML,2021-12-03 17:35:20
227,Kruisfontein,-34.0033,24.7314,61.88,76,80,5.23,ZA,2021-12-03 17:32:35
228,Almaznyy,48.0448,40.045,46.54,75,100,14.14,RU,2021-12-03 17:35:20
229,Carnarvon,-24.8667,113.6333,71.67,83,0,19.57,AU,2021-12-03 17:36:20
230,Coquimbo,-29.9533,-71.3436,65.93,68,20,11.5,CL,2021-12-03 17:31:38
231,Ceres,37.5949,-120.9577,62.51,93,90,0.0,US,2021-12-03 17:31:28
232,Sao Filipe,14.8961,-24.4956,75.9,69,28,11.16,CV,2021-12-03 17:36:21
233,Puerto Baquerizo Moreno,-0.9,-89.6,72.59,73,75,11.5,EC,2021-12-03 17:36:21
234,Pombas,17.1503,-25.0201,74.98,68,7,18.3,CV,2021-12-03 17:36:22
235,Buy,58.4786,41.53,30.31,98,100,7.4,RU,2021-12-03 17:36:22
236,Kiama,-34.6833,150.8667,65.37,93,100,1.99,AU,2021-12-03 17:36:22
237,Talara,-4.5772,-81.2719,77.76,65,0,14.97,PE,2021-12-03 17:36:23
238,Yerbogachen,61.2767,108.0108,27.9,83,100,13.76,RU,2021-12-03 17:36:23
239,Lompoc,34.6391,-120.4579,55.08,96,90,3.44,US,2021-12-03 17:36:23
240,Wadi Musa,30.3222,35.4793,53.17,51,100,3.36,JO,2021-12-03 17:36:24
241,Tambacounda,13.7539,-13.7586,102.25,8,0,6.91,SN,2021-12-03 17:36:24
242,Turbat,26.0023,63.044,69.98,65,8,2.84,PK,2021-12-03 17:36:24
243,Akdepe,42.0551,59.3788,39.29,62,100,8.9,TM,2021-12-03 17:36:25
244,Namibe,-15.1961,12.1522,73.04,66,7,11.95,AO,2021-12-03 17:36:25
245,Dubbo,-32.25,148.6167,62.73,88,21,0.0,AU,2021-12-03 17:36:25
246,Haines Junction,60.7522,-137.5108,-4.05,65,100,6.91,CA,2021-12-03 17:36:25
247,Victor Harbor,-35.5667,138.6167,57.99,66,1,1.99,AU,2021-12-03 17:36:26
248,Garowe,8.4054,48.4845,72.03,61,2,19.39,SO,2021-12-03 17:36:26
249,Hovd,48.0056,91.6419,17.28,49,53,0.83,MN,2021-12-03 17:36:27
250,San Patricio,28.017,-97.5169,79.07,59,86,9.66,US,2021-12-03 17:36:27
251,Umm Lajj,25.0213,37.2685,76.98,60,12,7.76,SA,2021-12-03 17:36:27
252,Bambanglipuro,-7.95,110.2833,77.92,88,85,3.6,ID,2021-12-03 17:36:28
253,Honiara,-9.4333,159.95,77.02,86,73,2.57,SB,2021-12-03 17:36:28
254,Chute-Aux-Outardes,49.1168,-68.399,24.78,68,90,18.41,CA,2021-12-03 17:36:29
255,Ponta Do Sol,32.6667,-17.1,67.71,63,71,9.46,PT,2021-12-03 17:36:29
256,Balve,51.3333,7.8667,38.35,96,100,14.0,DE,2021-12-03 17:36:29
257,Sampit,-2.5333,112.95,75.79,96,97,1.77,ID,2021-12-03 17:36:30
258,Beatrice,40.2681,-96.747,58.17,47,1,13.8,US,2021-12-03 17:36:30
259,Ostrovnoy,68.0531,39.5131,20.21,68,100,8.16,RU,2021-12-03 17:36:30
260,Tilichiki,60.4667,166.1,22.15,71,94,23.11,RU,2021-12-03 17:36:30
261,Pyinmana,19.7333,96.2167,66.0,88,40,2.06,MM,2021-12-03 17:36:31
262,Thompson,55.7435,-97.8558,-5.64,77,90,11.5,CA,2021-12-03 17:36:31
263,Praia,14.9215,-23.5087,77.54,61,20,21.85,CV,2021-12-03 17:32:16
264,Mehamn,71.0357,27.8492,24.98,73,0,6.91,NO,2021-12-03 17:36:31
265,Kijang,35.2442,129.2139,38.93,44,0,14.52,KR,2021-12-03 17:36:32
266,Nioro,13.35,-15.75,93.07,12,74,6.42,GM,2021-12-03 17:36:32
267,Zolochiv,49.806,24.8944,25.27,89,46,8.84,UA,2021-12-03 17:36:32
268,Kinablangan,7.6947,126.5503,76.59,89,100,7.14,PH,2021-12-03 17:36:33
269,Jalu,29.0331,21.5482,65.37,29,100,11.18,LY,2021-12-03 17:36:33
270,Tasiilaq,65.6145,-37.6368,23.16,59,3,8.66,GL,2021-12-03 17:36:33
271,Macas,-2.3167,-78.1167,78.55,69,75,4.61,EC,2021-12-03 17:37:34
272,Nantucket,41.2835,-70.0995,46.51,51,20,21.85,US,2021-12-03 17:34:50
273,Kamina,-8.7386,24.9906,64.74,96,70,8.34,CD,2021-12-03 17:37:34
274,Vuktyl,63.8567,57.3094,3.92,94,99,5.35,RU,2021-12-03 17:37:34
275,Kinkala,-4.3614,14.7644,74.05,91,88,2.68,CG,2021-12-03 17:37:34
276,Port Macquarie,-31.4333,152.9167,64.36,94,75,0.0,AU,2021-12-03 17:37:35
277,Qaqortoq,60.7167,-46.0333,18.1,64,33,10.07,GL,2021-12-03 17:37:35
278,Bauchi,10.5,10.0,77.11,22,8,4.23,NG,2021-12-03 17:37:35
279,Waingapu,-9.6567,120.2641,79.83,82,99,1.74,ID,2021-12-03 17:37:36
280,Kavieng,-2.5744,150.7967,81.82,76,20,6.87,PG,2021-12-03 17:37:36
281,Roma,43.2128,-75.4557,36.86,57,40,1.01,US,2021-12-03 17:37:36
282,Huambo,-12.7761,15.7392,62.42,91,96,2.66,AO,2021-12-03 17:37:37
283,Saint-Georges,12.0564,-61.7485,85.68,70,20,17.27,GD,2021-12-03 17:37:37
284,Half Moon Bay,37.4636,-122.4286,56.71,88,90,6.91,US,2021-12-03 17:37:37
285,Storsteinnes,69.2408,19.2344,15.8,90,28,6.87,NO,2021-12-03 17:37:38
286,Fiumicino,41.7675,12.2291,53.98,68,0,11.5,IT,2021-12-03 17:37:38
287,Inuvik,68.3499,-133.7218,-20.99,69,20,3.44,CA,2021-12-03 17:36:58
288,Elizabeth City,36.2946,-76.2511,63.01,49,1,3.0,US,2021-12-03 17:37:38
289,Xining,36.6167,101.7667,27.23,37,0,2.55,CN,2021-12-03 17:37:39
290,Ipora,-16.4419,-51.1178,84.97,60,80,3.13,BR,2021-12-03 17:37:39
291,Laguna,38.421,-121.4238,69.64,100,90,3.44,US,2021-12-03 17:37:39
292,Grand Gaube,-20.0064,57.6608,79.2,85,8,3.0,MU,2021-12-03 17:37:40
293,Chivilcoy,-34.8957,-60.0167,77.72,10,84,8.01,AR,2021-12-03 17:37:40
294,Bend,44.0582,-121.3153,54.46,69,1,5.01,US,2021-12-03 17:34:21
295,Flinders,-34.5833,150.8552,65.17,89,100,6.46,AU,2021-12-03 17:37:40
296,Machali,-34.1833,-70.6667,74.48,38,20,9.22,CL,2021-12-03 17:37:41
297,Belaya Gora,68.5333,146.4167,-17.57,95,100,8.01,RU,2021-12-03 17:37:41
298,Hambantota,6.1241,81.1185,78.26,83,73,4.25,LK,2021-12-03 17:37:41
299,Anzio,41.4853,12.6179,52.0,87,76,7.92,IT,2021-12-03 17:37:42
300,Kahului,20.8947,-156.47,74.46,89,90,10.36,US,2021-12-03 17:37:42
301,Atar,20.5169,-13.0499,76.41,21,100,9.82,MR,2021-12-03 17:37:43
302,Caravelas,-17.7125,-39.2481,80.6,70,85,10.96,BR,2021-12-03 17:37:43
303,Dunedin,-45.8742,170.5036,57.9,98,69,3.58,NZ,2021-12-03 17:37:43
304,Zaraza,9.3503,-65.3245,95.88,31,95,5.12,VE,2021-12-03 17:37:43
305,Araouane,18.9048,-3.5265,76.75,13,58,10.8,ML,2021-12-03 17:37:44
306,Cockburn Town,21.4612,-71.1419,80.15,73,41,12.33,TC,2021-12-03 17:37:44
307,Jinxiang,27.4327,120.6062,50.32,58,66,5.84,CN,2021-12-03 17:37:44
308,Anadyr,64.75,177.4833,30.7,80,0,4.47,RU,2021-12-03 17:37:45
309,Villa Rica,33.7321,-84.9191,72.55,52,25,5.84,US,2021-12-03 17:37:45
310,Fort Myers Beach,26.452,-81.9481,76.01,60,1,1.99,US,2021-12-03 17:34:47
311,Chernyshevskiy,63.0128,112.4714,2.44,97,100,2.82,RU,2021-12-03 17:37:45
312,Opportunity,47.6499,-117.2399,38.34,91,1,3.44,US,2021-12-03 17:37:46
313,Dungarpur,23.8333,73.7167,65.08,53,0,8.46,IN,2021-12-03 17:37:46
314,Sisimiut,66.9395,-53.6735,19.09,69,89,18.37,GL,2021-12-03 17:37:46
315,La Oroya,-11.5189,-75.8994,55.58,58,99,6.73,PE,2021-12-03 17:37:46
316,Palmer,42.1584,-72.3287,41.72,46,75,4.0,US,2021-12-03 17:37:47
317,Mataram,-8.5833,116.1167,79.59,85,88,2.35,ID,2021-12-03 17:37:47
318,Bathsheba,13.2167,-59.5167,86.61,66,40,17.27,BB,2021-12-03 17:37:47
319,Murmashi,68.8154,32.8115,5.41,92,75,1.99,RU,2021-12-03 17:38:48
320,Gimli,50.6336,-96.9907,28.44,54,21,12.66,CA,2021-12-03 17:38:48
321,Kirakira,-10.4544,161.9205,78.53,84,100,1.79,SB,2021-12-03 17:38:48
322,Charters Towers,-20.1,146.2667,75.74,80,37,5.41,AU,2021-12-03 17:38:48
323,Fremont,37.5483,-121.9886,57.81,91,90,1.99,US,2021-12-03 17:37:29
324,Alyangula,-13.8483,136.4192,78.67,100,73,0.0,AU,2021-12-03 17:38:49
325,Sovetskiy,61.3614,63.5842,14.25,88,91,8.12,RU,2021-12-03 17:38:49
326,Tessalit,20.1986,1.0114,75.9,14,22,10.09,ML,2021-12-03 17:38:49
327,Beloha,-25.1667,45.05,75.63,66,0,7.09,MG,2021-12-03 17:37:59
328,Salalah,17.0151,54.0924,78.89,61,0,3.44,OM,2021-12-03 17:38:50
329,Camacha,33.0833,-16.3333,62.02,59,75,17.27,PT,2021-12-03 17:38:50
330,Porto Santo,33.072,-16.3415,64.78,59,75,17.27,PT,2021-12-03 17:38:50
331,Cayenne,4.9333,-52.3333,78.84,90,75,6.91,GF,2021-12-03 17:36:49
332,Luanda,-8.8368,13.2343,79.14,81,59,11.79,AO,2021-12-03 17:37:51
333,Shitanjing,39.2342,106.3439,30.13,17,0,3.49,CN,2021-12-03 17:38:51
334,Altamont,42.2068,-121.7372,30.04,93,90,0.0,US,2021-12-03 17:37:25
335,San Isidro,-12.1167,-77.05,71.26,74,75,5.01,PE,2021-12-03 17:38:51
336,Starosubkhangulovo,53.1031,57.4423,33.31,97,100,11.48,RU,2021-12-03 17:38:51
337,San Cristobal,7.7669,-72.225,80.78,38,41,5.93,VE,2021-12-03 17:38:52
338,Zaysan,47.4667,84.8667,22.35,84,100,2.95,KZ,2021-12-03 17:38:52
339,Lasa,46.6166,10.7002,31.91,48,23,3.13,IT,2021-12-03 17:38:52
340,Guadalupe,25.6833,-100.25,81.14,66,20,3.44,MX,2021-12-03 17:37:58
341,Terrace,54.5163,-128.6035,35.42,100,75,8.05,CA,2021-12-03 17:38:53
342,Omsukchan,62.5333,155.8,-32.53,92,88,4.43,RU,2021-12-03 17:38:53
343,Port Moresby,-9.4431,147.1797,77.05,88,100,3.29,PG,2021-12-03 17:38:54
344,Komsomolskiy,40.4272,71.7189,45.32,53,100,0.0,UZ,2021-12-03 17:38:54
345,Goderich,43.7501,-81.7165,36.91,80,100,6.91,CA,2021-12-03 17:38:54
346,Diffa,13.3154,12.6113,79.14,18,0,8.28,NE,2021-12-03 17:38:54
347,Portland,45.5234,-122.6762,43.21,91,90,1.99,US,2021-12-03 17:36:41
348,Nechi,8.0942,-74.7757,88.45,62,86,2.89,CO,2021-12-03 17:38:55
349,Henties Bay,-22.116,14.2845,64.85,83,8,7.14,NA,2021-12-03 17:38:55
350,Altusried,47.8,10.2167,32.09,92,68,5.08,DE,2021-12-03 17:38:55
351,Tuatapere,-46.1333,167.6833,58.82,97,81,2.86,NZ,2021-12-03 17:38:56
352,Yurimaguas,-5.9,-76.0833,87.96,45,40,5.75,PE,2021-12-03 17:38:56
353,Alta Floresta,-9.8756,-56.0861,85.82,79,40,4.61,BR,2021-12-03 17:38:56
354,Camabatela,-8.1881,15.375,64.71,96,100,1.16,AO,2021-12-03 17:38:57
355,Santa Marta,11.2408,-74.199,87.85,70,20,5.75,CO,2021-12-03 17:34:31
356,Maldonado,-34.6667,-54.9167,74.59,46,35,13.56,UY,2021-12-03 17:38:57
357,Palu,-0.8917,119.8707,77.83,86,91,2.13,ID,2021-12-03 17:38:57
358,Ucluelet,48.9329,-125.5528,33.04,68,99,3.53,CA,2021-12-03 17:38:57
359,Cedar City,37.6775,-113.0619,47.39,45,1,0.0,US,2021-12-03 17:38:58
360,Plastun,44.7561,136.2939,7.66,80,4,7.18,RU,2021-12-03 17:38:58
361,Presidencia Roque Saenz Pena,-26.7852,-60.4388,93.02,27,2,7.43,AR,2021-12-03 17:38:58
362,Hobyo,5.3505,48.5268,79.39,68,2,15.77,SO,2021-12-03 17:38:59
363,Ostersund,63.1792,14.6357,10.85,92,90,2.3,SE,2021-12-03 17:38:59
364,Japura,-0.3167,102.35,75.34,92,100,2.1,ID,2021-12-03 17:38:59
365,Mehran,33.1222,46.1646,54.88,41,31,8.1,IR,2021-12-03 17:39:00
366,Marabba,12.35,32.1833,89.02,24,0,7.87,SD,2021-12-03 17:39:00
367,Shelburne,44.0787,-80.2041,32.13,74,47,10.89,CA,2021-12-03 17:40:00
368,Siretel,47.4,26.7333,36.05,78,100,8.84,RO,2021-12-03 17:40:01
369,Leningradskiy,69.3833,178.4167,12.88,81,68,10.83,RU,2021-12-03 17:40:01
370,Ndjole,-0.1783,10.7649,76.59,93,100,5.32,GA,2021-12-03 17:40:01
371,Darnah,32.767,22.6367,63.84,45,100,13.51,LY,2021-12-03 17:40:02
372,Rehoboth,-23.3167,17.0833,70.95,39,80,11.25,NA,2021-12-03 17:40:02
373,Nebolchi,59.1239,33.3454,28.67,97,100,6.38,RU,2021-12-03 17:40:02
374,Ocos,14.5094,-92.1933,92.32,63,91,5.61,GT,2021-12-03 17:40:03
375,Necochea,-38.5473,-58.7368,58.03,89,100,13.06,AR,2021-12-03 17:40:03
376,Sur,22.5667,59.5289,73.99,57,0,6.08,OM,2021-12-03 17:40:03
377,Masaka,-0.3338,31.7341,64.67,85,94,2.04,UG,2021-12-03 17:40:04
378,Forestville,38.8451,-76.875,54.45,47,20,12.66,US,2021-12-03 17:40:04
379,Richmond,37.5538,-77.4603,64.83,42,20,1.99,US,2021-12-03 17:35:39
380,Asau,46.4333,26.4,36.75,79,100,3.27,RO,2021-12-03 17:40:04
381,Mali,12.079,-12.2982,85.32,25,41,1.19,GN,2021-12-03 17:40:05
382,Chabahar,25.2919,60.643,75.7,63,0,8.63,IR,2021-12-03 17:40:05
383,Valladolid,41.5833,-4.6667,48.4,80,43,6.51,ES,2021-12-03 17:40:05
384,Progreso,21.2833,-89.6667,86.11,68,13,13.89,MX,2021-12-03 17:40:06
385,Saint-Joseph,-21.3667,55.6167,77.38,84,24,9.48,RE,2021-12-03 17:40:06
386,Savantvadi,15.9,73.8167,78.46,94,39,2.42,IN,2021-12-03 17:40:07
387,Ginda,30.6945,78.4932,46.36,63,5,7.31,IN,2021-12-03 17:40:07
388,Eydhafushi,5.1033,73.0708,82.15,76,4,6.76,MV,2021-12-03 17:40:07
389,Seybaplaya,19.65,-90.6667,81.86,63,7,4.47,MX,2021-12-03 17:40:08
390,Vestmannaeyjar,63.4427,-20.2734,34.79,93,75,6.91,IS,2021-12-03 17:40:08
391,Pilar,-9.5972,-35.9567,89.53,45,45,15.23,BR,2021-12-03 17:40:08
392,Samana,19.2056,-69.3369,82.62,78,40,6.91,DO,2021-12-03 17:40:09
393,Uni,57.7535,51.4923,23.9,98,97,6.4,RU,2021-12-03 17:40:09
394,College,64.8569,-147.8028,-20.42,72,1,0.0,US,2021-12-03 17:40:09
395,Arman,59.7,150.1667,-2.99,96,100,10.56,RU,2021-12-03 17:36:25
396,San Jose,37.3394,-121.895,57.7,87,90,6.91,US,2021-12-03 17:36:36
397,Jerez,14.1,-89.75,90.05,43,0,2.3,GT,2021-12-03 17:40:10
398,Harper,4.375,-7.7169,81.45,78,88,10.02,LR,2021-12-03 17:40:10
399,Nikolsk,53.7189,46.0712,36.99,98,100,12.93,RU,2021-12-03 17:40:11
400,Krasnoselkup,65.7,82.4667,-4.47,96,100,14.63,RU,2021-12-03 17:40:11
401,Kapfenberg,47.454,15.2702,33.66,93,12,3.06,AT,2021-12-03 17:40:12
402,Roura,4.7263,-52.3274,78.71,83,75,6.91,GF,2021-12-03 17:40:12
403,Mahina,-17.5065,-149.489,82.17,65,40,4.61,PF,2021-12-03 17:40:12
404,Buraydah,26.326,43.975,61.25,37,20,8.52,SA,2021-12-03 17:40:13
405,Egvekinot,66.3167,-179.1667,23.5,98,100,8.39,RU,2021-12-03 17:40:13
406,Sola,-13.8833,167.55,80.46,77,100,15.14,VU,2021-12-03 17:40:13
407,Basco,20.4487,121.9702,72.63,62,94,27.09,PH,2021-12-03 17:40:14
408,Iranshahr,27.2025,60.6848,66.54,32,0,0.0,IR,2021-12-03 17:40:14
409,Tazovskiy,67.4667,78.7,-17.48,89,97,14.41,RU,2021-12-03 17:41:14
410,Menongue,-14.6585,17.691,67.96,76,85,1.3,AO,2021-12-03 17:41:15
411,Genhe,50.7833,121.5167,-9.51,98,7,1.86,CN,2021-12-03 17:41:15
412,Rio Verde De Mato Grosso,-18.9181,-54.8442,88.74,56,61,2.06,BR,2021-12-03 17:41:15
413,Shiraoi,42.55,141.35,36.21,79,37,8.93,JP,2021-12-03 17:41:15
414,Kieta,-6.2167,155.6333,78.57,82,75,2.13,PG,2021-12-03 17:41:16
415,Lethem,3.3803,-59.7968,92.48,41,96,7.07,GY,2021-12-03 17:41:14
416,Groningen,53.25,6.75,41.04,95,90,14.0,NL,2021-12-03 17:41:16
417,Bandiagara,14.3501,-3.6104,84.63,12,18,6.46,ML,2021-12-03 17:41:16
418,Tetouan,35.5711,-5.3724,59.79,55,0,9.22,MA,2021-12-03 17:37:49
419,Glenwood Springs,39.5505,-107.3248,53.35,48,1,5.99,US,2021-12-03 17:40:46
420,Mitsamiouli,-11.3847,43.2844,80.89,78,20,2.3,KM,2021-12-03 17:41:17
421,Hirara,24.8,125.2833,66.02,53,18,19.66,JP,2021-12-03 17:38:49
422,Sitka,57.0531,-135.33,30.09,86,75,10.36,US,2021-12-03 17:41:17
423,Juneau,58.3019,-134.4197,30.22,95,90,6.91,US,2021-12-03 17:41:18
424,Quatre Cocos,-20.2078,57.7625,78.91,79,33,11.25,MU,2021-12-03 17:41:18
425,Yulara,-25.2406,130.9889,82.24,24,2,8.05,AU,2021-12-03 17:41:18
426,Mier,26.4333,-99.15,83.08,53,49,9.22,MX,2021-12-03 17:41:19
427,Havelock,34.8791,-76.9013,73.38,48,1,1.01,US,2021-12-03 17:38:21
428,Aleppo,36.25,37.5,52.9,52,100,6.98,SY,2021-12-03 17:41:19
429,Mount Gambier,-37.8333,140.7667,51.71,82,90,0.0,AU,2021-12-03 17:41:19
430,Quelimane,-17.8786,36.8883,84.15,74,20,16.11,MZ,2021-12-03 17:41:20
431,Rincon,32.296,-81.2354,75.65,49,20,3.44,US,2021-12-03 17:41:20
432,Launceston,-41.45,147.1667,52.81,81,8,1.01,AU,2021-12-03 17:41:20
433,Ninohe,40.2724,141.3061,35.11,87,56,7.18,JP,2021-12-03 17:41:21
434,Ouesso,1.6136,16.0517,76.15,72,87,1.32,CG,2021-12-03 17:41:21
435,Linqiong,30.4159,103.4609,48.02,62,97,1.19,CN,2021-12-03 17:41:22
436,Narasaraopet,16.25,80.0667,69.62,79,100,2.66,IN,2021-12-03 17:41:22
437,Jackson,42.4165,-122.8345,60.04,100,90,5.75,US,2021-12-03 17:41:22
438,Sofikon,37.8,23.05,59.29,80,36,6.64,GR,2021-12-03 17:41:23
439,Dwarka,22.2394,68.9678,74.91,54,0,9.06,IN,2021-12-03 17:41:23
440,Copiapo,-27.3667,-70.3333,65.89,23,11,11.36,CL,2021-12-03 17:41:23
441,Sao Miguel Do Araguaia,-13.275,-50.1628,84.72,68,96,5.88,BR,2021-12-03 17:41:24
442,Old Shinyanga,-3.55,33.4,78.4,36,55,9.35,TZ,2021-12-03 17:41:24
443,Macomb,40.4592,-90.6718,57.25,57,1,4.61,US,2021-12-03 17:41:24
444,Macherla,16.4833,79.4333,71.38,75,100,2.17,IN,2021-12-03 17:41:25
445,Shahapur,19.45,73.3333,78.28,85,4,1.86,IN,2021-12-03 17:41:25
446,Chegutu,-18.1302,30.1407,81.63,34,74,6.24,ZW,2021-12-03 17:41:25
447,North Bend,43.4065,-124.2243,47.86,93,1,6.91,US,2021-12-03 17:41:26
448,Port Augusta,-32.5,137.7667,60.94,60,56,16.37,AU,2021-12-03 17:41:26
449,Shihezi,44.3,86.0333,24.15,86,57,1.03,CN,2021-12-03 17:41:26
450,Klaksvik,62.2266,-6.589,34.72,69,50,6.73,FO,2021-12-03 17:41:27
451,Kharp,66.8014,65.8081,0.32,99,100,3.2,RU,2021-12-03 17:41:27
452,Ancud,-41.8697,-73.8203,63.93,61,0,8.63,CL,2021-12-03 17:41:27
453,Benguela,-12.5763,13.4055,77.67,83,52,2.95,AO,2021-12-03 17:42:28
454,Rio Gallegos,-51.6226,-69.2181,66.25,26,0,25.32,AR,2021-12-03 17:42:28
455,Vostok,46.4856,135.8833,-7.74,98,94,4.05,RU,2021-12-03 17:42:28
456,Alghero,40.5589,8.3181,53.69,71,20,8.05,IT,2021-12-03 17:42:02
457,San Carlos,9.6612,-68.5827,92.39,41,81,3.06,VE,2021-12-03 17:42:29
458,Australind,-33.2667,115.7167,54.05,60,0,14.27,AU,2021-12-03 17:42:29
459,Burnie,-41.0667,145.9167,53.62,75,67,14.12,AU,2021-12-03 17:42:29
460,Isangel,-19.55,169.2667,75.16,80,98,6.62,VU,2021-12-03 17:42:30
461,Port Blair,11.6667,92.75,79.54,84,20,8.23,IN,2021-12-03 17:42:30
462,Chara,56.9064,118.2631,3.07,92,96,3.06,RU,2021-12-03 17:42:30
463,Tabuk,17.4189,121.4443,66.72,84,94,5.06,PH,2021-12-03 17:42:31
464,Pirovskoye,57.6267,92.2658,32.41,96,100,14.85,RU,2021-12-03 17:42:31
465,Duxbury,42.0418,-70.6723,44.69,50,20,1.01,US,2021-12-03 17:40:23
466,Ormond Beach,29.2858,-81.0559,76.28,55,1,3.44,US,2021-12-03 17:42:31
467,San Alberto,7.7611,-73.3922,86.65,69,30,4.03,CO,2021-12-03 17:42:32
468,Kathu,7.9178,98.3332,78.62,85,88,12.75,TH,2021-12-03 17:42:32
469,La Orilla,17.9833,-102.2333,83.55,68,60,6.53,MX,2021-12-03 17:42:32
470,Fukue,32.6881,128.8419,51.1,61,95,27.11,JP,2021-12-03 17:42:33
471,Khani,41.9563,42.9566,36.97,58,0,6.87,GE,2021-12-03 17:42:33
472,Lata,40.1629,-8.3327,54.81,94,2,2.01,PT,2021-12-03 17:42:33
473,Cascavel,-24.9558,-53.4553,83.8,32,20,5.75,BR,2021-12-03 17:42:33
474,Bonnyville,54.2668,-110.735,16.43,85,9,9.42,CA,2021-12-03 17:42:34
475,Sorland,67.667,12.6934,30.06,56,90,23.42,NO,2021-12-03 17:42:34
476,Ilulissat,69.2167,-51.1,19.42,63,20,21.85,GL,2021-12-03 17:42:34
477,Camana,-16.6228,-72.7111,71.78,70,61,9.46,PE,2021-12-03 17:42:35
478,Orsha,54.5153,30.4053,26.11,89,58,14.67,BY,2021-12-03 17:42:35
479,Athol,42.5959,-72.2268,40.82,50,75,12.66,US,2021-12-03 17:42:35
480,Vega De Alatorre,20.0333,-96.6333,77.49,73,3,5.28,MX,2021-12-03 17:42:36
481,Esmeraldas,-19.7625,-44.3139,87.91,67,59,2.33,BR,2021-12-03 17:42:36
482,Cheremkhovo,53.1561,103.0675,6.94,92,21,4.52,RU,2021-12-03 17:42:36
483,Viseu,40.661,-7.9097,49.86,90,10,2.21,PT,2021-12-03 17:42:37
484,Aktash,50.3,87.7333,10.87,68,100,6.11,RU,2021-12-03 17:42:37
485,Ulundi,-28.3352,31.4162,64.85,93,100,2.75,ZA,2021-12-03 17:42:37
486,Pisco,-13.7,-76.2167,71.65,73,0,6.91,PE,2021-12-03 17:42:38
487,Marawi,7.9986,124.2928,63.64,98,100,3.04,PH,2021-12-03 17:41:37
488,Mirabela,-16.2628,-44.1644,79.05,68,58,5.06,BR,2021-12-03 17:42:38
489,Erenhot,43.6475,111.9767,24.01,50,0,7.96,CN,2021-12-03 17:42:38
490,Great Falls,47.5002,-111.3008,32.92,93,40,4.61,US,2021-12-03 17:42:39
491,Puerto Del Rosario,28.5004,-13.8627,65.95,59,40,24.16,ES,2021-12-03 17:39:22
492,Ocampo,21.65,-101.5,65.55,25,10,5.48,MX,2021-12-03 17:42:39
493,Zhenlai,45.8495,123.2973,5.36,82,3,4.79,CN,2021-12-03 17:42:39
494,Tutoia,-2.7619,-42.2744,89.58,68,87,12.3,BR,2021-12-03 17:42:40
495,Kurilsk,45.2333,147.8833,45.0,93,100,10.71,RU,2021-12-03 17:42:40
496,Harindanga,22.0383,88.3214,73.38,49,100,3.29,IN,2021-12-03 17:42:41
497,Atambua,-9.1061,124.8925,75.72,85,100,1.23,ID,2021-12-03 17:42:41
498,Vologda,59.2187,39.8886,24.67,96,100,8.66,RU,2021-12-03 17:42:41
499,Itoman,26.1247,127.6694,64.42,54,75,11.5,JP,2021-12-03 17:42:41
500,Twante,16.7167,95.9333,78.93,76,100,1.74,MM,2021-12-03 17:42:42
501,Pontian Kecil,1.4801,103.3899,78.93,86,100,6.73,MY,2021-12-03 17:42:42
502,Atasu,48.6814,71.6433,16.66,96,6,2.93,KZ,2021-12-03 17:42:42
503,Misratah,32.3754,15.0925,62.24,42,84,24.07,LY,2021-12-03 17:43:43
504,Port Hawkesbury,45.6169,-61.3485,45.99,90,90,14.0,CA,2021-12-03 17:43:43
505,Petropavlovka,50.6114,105.3196,10.15,86,21,3.67,RU,2021-12-03 17:43:43
506,Huarmey,-10.0681,-78.1522,73.11,72,61,11.48,PE,2021-12-03 17:43:44
507,Nagercoil,8.1667,77.4333,81.99,88,91,3.06,IN,2021-12-03 17:43:44
508,Sorong,-0.8833,131.25,80.17,77,100,3.02,ID,2021-12-03 17:43:44
509,Manta,-0.95,-80.7333,83.98,65,20,12.66,EC,2021-12-03 17:43:44
510,Mayor Pablo Lagerenza,-19.9309,-60.7718,100.2,31,58,5.3,PY,2021-12-03 17:43:45
511,Madison,34.7334,-86.5667,71.51,58,1,5.99,US,2021-12-03 17:42:24
512,Soyo,-6.1349,12.3689,82.45,86,89,7.05,AO,2021-12-03 17:43:45
513,Parana,-31.732,-60.5238,89.56,34,1,6.31,AR,2021-12-03 17:43:45
514,Teguise,29.0605,-13.564,61.02,63,40,24.16,ES,2021-12-03 17:43:46
515,Kibala,9.1104,18.3463,87.75,55,0,0.0,TD,2021-12-03 17:43:46
516,Sabang,5.8933,95.3214,79.54,80,100,23.13,ID,2021-12-03 17:43:47
517,Rudnogorsk,57.2639,103.7519,23.67,74,73,8.77,RU,2021-12-03 17:43:47
518,Romny,50.751,33.4747,34.14,99,100,10.58,UA,2021-12-03 17:43:47
519,Santa Cruz De La Palma,28.6835,-17.7642,68.14,64,40,18.41,ES,2021-12-03 17:43:47
520,Maine-Soroa,13.2114,12.0241,79.05,20,1,10.63,NE,2021-12-03 17:43:48
521,Chkalovskoye,44.8392,133.0436,14.43,95,89,7.11,RU,2021-12-03 17:43:48
522,El Seibo,18.7641,-69.0375,87.33,64,22,9.86,DO,2021-12-03 17:43:48
523,Olenegorsk,68.15,33.3,-1.59,100,81,0.4,RU,2021-12-03 17:43:49
524,Kimbe,-5.5502,150.1429,76.3,95,100,3.18,PG,2021-12-03 17:43:49
525,Tuscaloosa,33.2098,-87.5692,73.9,74,83,4.54,US,2021-12-03 17:39:42
526,Verkhnetulomskiy,68.6073,31.7962,5.13,100,98,0.72,RU,2021-12-03 17:43:50
527,La Asuncion,11.0333,-63.8628,71.33,100,97,14.97,VE,2021-12-03 17:43:50
528,Prieska,-29.6641,22.7474,66.81,63,100,16.91,ZA,2021-12-03 17:43:50
529,Adrar,20.5022,-10.0711,69.89,22,100,9.75,MR,2021-12-03 17:43:50
530,Inirida,3.8653,-67.9239,84.4,74,62,1.52,CO,2021-12-03 17:43:51
531,Farmington,36.7281,-108.2187,56.1,52,1,5.75,US,2021-12-03 17:39:53
532,Asfi,32.2994,-9.2372,61.14,58,0,16.4,MA,2021-12-03 17:43:51
533,Maues,-3.3836,-57.7186,78.21,94,99,1.19,BR,2021-12-03 17:43:52
534,Kozhevnikovo,56.2589,83.9714,24.39,81,75,15.73,RU,2021-12-03 17:43:52
535,Motala,58.5371,15.0365,22.78,92,77,7.83,SE,2021-12-03 17:43:52
536,Pombia,45.653,8.6336,44.26,48,0,1.14,IT,2021-12-03 17:43:53
537,Yaan,7.3833,8.5667,85.86,19,69,3.15,NG,2021-12-03 17:43:53
538,Kaabong,3.4836,34.1492,72.46,50,38,14.54,UG,2021-12-03 17:43:53
539,Antalaha,-14.9003,50.2788,75.38,89,9,7.27,MG,2021-12-03 17:43:54
540,Tombouctou,20.0,-3.0,75.81,14,85,10.49,ML,2021-12-03 17:43:54
541,Narasannapeta,18.4167,84.05,67.77,90,100,9.13,IN,2021-12-03 17:43:54
542,Abu Dhabi,24.4667,54.3667,77.11,62,0,1.01,AE,2021-12-03 17:40:44
543,Quata,-22.2475,-50.6983,86.34,41,0,4.18,BR,2021-12-03 17:43:55
544,Liverpool,53.4106,-2.9779,46.69,88,0,1.01,GB,2021-12-03 17:42:48
545,Bodden Town,19.2833,-81.25,83.98,76,40,8.99,KY,2021-12-03 17:43:55
546,Nuristan,35.3,70.8333,24.87,42,100,6.15,AF,2021-12-03 17:43:56
547,Rapar,23.5667,70.6333,72.63,55,0,8.59,IN,2021-12-03 17:43:56
548,Saint-Francois,46.4154,3.9054,39.47,86,90,13.8,FR,2021-12-03 17:43:56
549,Kurchum,48.5722,83.6542,24.48,88,100,2.42,KZ,2021-12-03 17:43:57
550,Horsham,51.064,-0.3272,47.95,91,20,1.14,GB,2021-12-03 17:43:57
551,Zirgan,53.2222,55.9185,34.45,98,100,13.4,RU,2021-12-03 17:44:57
552,Ahipara,-35.1667,173.1667,63.97,92,100,8.77,NZ,2021-12-03 17:44:58
553,Castelo Do Piaui,-5.3222,-41.5525,99.46,24,78,7.23,BR,2021-12-03 17:44:58
554,Tahoua,14.8888,5.2692,80.8,12,50,9.66,NE,2021-12-03 17:44:58
555,Forest Grove,45.5198,-123.1107,43.25,83,100,1.01,US,2021-12-03 17:44:59
556,Sao Sebastiao,-23.76,-45.4097,74.86,82,69,3.83,BR,2021-12-03 17:44:59
557,Noumea,-22.2763,166.4572,80.01,99,100,6.87,NC,2021-12-03 17:44:59
558,Lamu,-2.2717,40.902,82.62,76,85,8.88,KE,2021-12-03 17:45:00
559,Zhezkazgan,47.8043,67.7144,24.57,86,5,2.64,KZ,2021-12-03 17:45:00
560,Boden,65.8252,21.6886,17.6,96,100,4.61,SE,2021-12-03 17:45:00
561,Nanzhou,29.3596,112.4024,52.09,30,99,2.89,CN,2021-12-03 17:45:01
562,Fare,-16.7,-151.0167,80.83,73,41,19.57,PF,2021-12-03 17:45:01
563,Alice Springs,-23.7,133.8833,71.15,49,49,0.0,AU,2021-12-03 17:43:47
564,Poum,-20.2333,164.0167,79.03,81,99,16.49,NC,2021-12-03 17:45:01
565,Along,28.1667,94.7667,58.24,82,89,1.7,IN,2021-12-03 17:45:02
566,Keokuk,40.3973,-91.3849,59.22,58,1,5.75,US,2021-12-03 17:45:02
567,Santiago De Cao,-7.9589,-79.2392,66.33,82,96,12.66,PE,2021-12-03 17:45:02
568,Tiarei,-17.5333,-149.3333,82.42,68,38,20.2,PF,2021-12-03 17:45:03
569,Dauphin,51.1494,-100.0502,24.94,68,1,24.16,CA,2021-12-03 17:45:03
570,Tual,-5.6667,132.75,82.96,71,100,2.17,ID,2021-12-03 17:45:03
571,Molchanovo,57.5817,83.7692,26.06,87,97,14.27,RU,2021-12-03 17:45:04
